S-ZORB.PT_6008.DACA,S-ZORB.LC_5101.PV,S-ZORB.CAL_H2.PV,S-ZORB.FT_9302.PV,S-ZORB.LT_3801.DACA,S-ZORB.SIS_TE_2802,S-ZORB.TE_5201.DACA,S-ZORB.TC_2801.PV,S-ZORB.FT_2303.DACA,S-ZORB.LC_5001.PV,S-ZORB.CAL.SPEED.PV,S-ZORB.FT_1503.TOTALIZERA.PV,S-ZORB.FT_1504.TOTALIZERA.PV,S-ZORB.LI_2104.DACA,S-ZORB.TE_1107.DACA.PV,S-ZORB.TE_6008.DACA.PV,S-ZORB.TE_1101.DACA.PV,S-ZORB.TE_6001.DACA.PV,S-ZORB.TE_1104.DACA.PV,S-ZORB.PDT_2104.PV,S-ZORB.CAL.CANGLIANG.PV,S-ZORB.TE_1106.DACA.PV,S-ZORB.TE_1103.DACA.PV,S-ZORB.PC_2401.PIDA.OP,S-ZORB.PC_2401.PIDA.SP,S-ZORB.TE_2001.DACA
-0.25784236,50.0238275,0.27740788,4916.36325,1.46263805,279.20176000000004,50.674989000000004,278.48501,23.697595,54.997381000000004,3.1757537,37811191.5,38807013.0,39.5447875,-0.00035156300000000005,0.6894531,6.879375,0.6679688,6.946113,106.00657,39.5448565,0.26625,0.338789,86.06048,0.17,12265800.0
-0.163407048,50.1835195,0.2769217,4725.2411,1.08898953,291.163005,54.42389549999999,290.66771,24.226647500000002,55.0200745,3.137905,37497132.5,38630705.5,40.1030615,-0.00035156300000000005,0.6894531,6.879375,0.6679688,6.946113,107.489345,40.093263,0.26625,0.338789,86.06048,0.17,12265800.0
-0.152750837,50.794005,0.28865038,4502.27835,1.37098245,276.008865,54.544998,275.82038,24.861186,54.956929,2.99815265,36599601.0,38223105.0,40.2750155,-0.00035156300000000005,0.6894531,6.879375,0.6679688,6.946113,107.89200000000001,40.284082,0.26625,0.338789,86.06048,0.17,12265800.0
-0.251886205,49.9707205,0.288132995,4546.96265,1.74452005,267.159655,57.439669499999994,266.24027,25.0979735,54.973537,3.20444895,35617321.5,37672689.0,37.6916985,-0.00035156300000000005,0.6894531,6.879375,0.6679688,6.946113,101.026105,37.6824875,0.26625,0.338789,86.06048,0.17,12265800.0
-0.222580135,50.098387,0.273756465,4596.74695,1.5569813,272.055865,62.576777500000006,270.00669,25.1284775,55.035586,3.65288025,31495685.5,35727934.0,37.183122,-0.00035156300000000005,0.6894531,6.879375,0.6679688,6.946113,99.841914,37.174037,0.26625,0.338789,86.06048,0.17,12265800.0
-0.211311425,49.941106500000004,0.28506799,4557.0779999999995,1.66821405,280.270135,59.400175,278.598875,23.957483,46.084883500000004,3.78600315,29648284.5,34707979.5,35.874358,-0.00035156300000000005,0.6894531,6.879375,0.6679688,6.946113,96.1576585,35.8655905,0.26625,0.338789,86.06048,0.17,12265800.0
-0.264310185,50.019541,0.280968025,4587.1487,1.83065075,284.5116,46.540963,282.27579,23.073782,54.95926800000001,3.8473099000000004,29102376.5,34267145.0,35.3026315,-0.00035156300000000005,0.6894531,6.879375,0.6679688,6.946113,94.62262249999999,35.294004,0.26625,0.338789,86.06048,0.17,12265800.0
-0.193964285,50.0629635,0.28014578,4478.2035,1.74768965,285.547925,54.70273050000001,282.45034,22.6150075,53.894833,4.03095405,28881570.5,34096431.0,33.726521999999996,-0.00035156300000000005,0.6894531,6.879375,0.6679688,6.946113,90.398135,33.7113665,0.26625,0.338789,86.06048,0.17,12265800.0
-0.302141115,49.9340185,0.28754683,4577.6246,1.40201615,284.92674,56.9988015,282.380205,22.754807,55.00634399999999,4.0289735,28702256.5,33963408.5,33.7106795,-0.00035156300000000005,0.6894531,6.879375,0.6679688,6.946113,90.345772,33.706033000000005,0.26625,0.338789,86.06048,0.17,12265800.0
-0.302139555,49.859052500000004,0.285253945,4517.8741,1.6281705,296.03022999999996,54.195653500000006,294.240795,22.414232000000002,55.008143000000004,3.992197,28481974.0,33784535.0,34.013214500000004,-0.00035156300000000005,0.6894531,6.879375,0.6679688,6.946113,91.158774,34.0199065,0.26625,0.338789,86.06048,0.17,12265800.0
-0.302114495,50.0335145,0.28229917,4561.4338,1.76146425,282.1978,60.6066485,281.480005,21.942161,55.008644499999996,3.87379765,28329955.0,33652924.5,35.039103999999995,-0.00035156300000000005,0.6894531,6.879375,0.6679688,6.946113,93.92085,35.0305415,0.26625,0.338789,86.06048,0.17,12265800.0
-0.30213390000000007,49.943706,0.28223159999999997,4566.2136,1.72169855,273.331815,51.673732,272.32279500000004,21.4678915,54.98489250000001,3.96091485,28132773.5,33492032.0,34.290568,-0.00035156300000000005,0.6894531,6.879375,0.6679688,6.946113,91.909961,34.282185999999996,0.26625,0.338789,86.06048,0.17,12265800.0
-0.302133705,49.995309000000006,0.27109036,4584.4762,1.60564605,268.850745,67.36500600000001,268.02954,21.143338,54.9642775,3.94472435,27989375.0,33369841.0,34.4289305,-0.00035156300000000005,0.6894531,6.879375,0.6679688,6.946113,92.235141,34.4163455,0.26625,0.338789,86.06048,0.17,12265800.0
-0.30212292,49.939102500000004,0.27988749,4488.94785,1.6911279,274.674915,57.5614405,272.18821,19.877014499999998,55.030039,3.8516987,26669124.5,32219822.0,33.9301545,-0.00035156300000000005,0.6894531,6.879375,0.6679688,6.946113,90.9993025,33.9218635,0.26625,0.338789,86.06048,0.17,12265800.0
-0.302127335,49.984881,0.306093905,4469.7913,1.53605155,276.61936000000003,56.91681,274.926515,18.601967000000002,54.9554995,3.5384176,26089063.5,31357268.0,34.162125,-0.00035156300000000005,0.6894531,6.879375,0.6679688,6.946113,91.5763225,34.1498955,0.26625,0.338789,86.06048,0.17,12265800.0
-0.303233855,50.0176315,0.301532965,4415.55515,0.80601417,285.67919,57.925771499999996,284.92638999999997,15.145099499999999,54.83375649999999,3.9602559,23066807.5,27371243.5,34.3132345,-0.00035156300000000005,0.6894531,6.879375,0.6679688,6.946113,92.00394150000001,34.2969,0.26625,0.338789,86.06048,0.17,12265800.0
-0.26852557,50.039527500000005,0.297561485,4428.4718,-0.648461535,266.95513,56.47360450000001,264.968295,15.824101500000001,54.780928,4.0434006,21386838.0,25505031.5,33.613359,-0.00035156300000000005,0.6894531,6.879375,0.6679688,6.946113,90.09588000000001,33.5995415,0.26625,0.338789,86.06048,0.17,12265800.0
-0.304457475,49.9895935,0.2991207,4432.18595,-0.297689925,285.57998,58.9162445,284.631305,16.1785995,54.829432499999996,4.1302731,21012620.0,25070896.5,32.885019,-0.00035156300000000005,0.6894531,6.879375,0.6679688,6.946113,88.1425225,32.878831,0.26625,0.338789,86.06048,0.17,12265800.0
-0.304449355,50.0098935,0.291712335,4448.6684,-0.220383353,284.02169,51.852048499999995,282.840475,15.808672,54.865634,4.09810995,20817902.5,24821784.0,33.183628000000006,-0.00035156300000000005,0.6894531,6.879375,0.6679688,6.946113,88.911123,33.173154499999995,0.26625,0.338789,86.06048,0.17,12265800.0
-0.30445417,49.9904835,0.300616335,4426.371,-0.06356424299999999,282.68772,47.295811,281.222095,16.1921745,54.977359,4.1412283,19722028.5,23558687.5,32.733596,-0.00035156300000000005,0.6894531,6.879375,0.6679688,6.946113,87.7062785,32.74025,0.26625,0.338789,86.06048,0.17,12265800.0
-0.24408602,50.049695,0.298440075,4501.1647,0.031947589,284.49023,56.4476215,283.42020499999995,16.4874565,54.963885999999995,4.15836225,18827727.0,22520405.0,32.7176735,-0.00035156300000000005,0.6894531,6.879375,0.6679688,6.946113,87.6902535,32.711858,0.26625,0.338789,86.06048,0.17,12265800.0
-0.304462865,50.020191499999996,0.284139125,4542.30805,-0.142557731,282.087905,54.75975699999999,281.5084,16.0541385,54.992222999999996,4.095506200000001,18239507.5,21840250.0,33.171879,-0.00035156300000000005,0.6894531,6.879375,0.6679688,6.946113,88.96742900000001,33.164809999999996,0.26625,0.338789,86.06048,0.17,12265800.0
-0.11797881,50.0112665,0.288487755,4526.91875,0.23281462,287.65567999999996,50.102539,286.75628,16.365615,55.0629015,4.09833115,18093377.5,21651089.5,33.143542,-0.00035156300000000005,0.6894531,6.879375,0.6679688,6.946113,88.835561,33.135442499999996,0.26625,0.338789,86.06048,0.17,12265800.0
-0.30183755,50.013790500000006,0.29612654,4508.58885,0.419778145,274.57114,59.6724635,273.599655,16.7500185,55.026680000000006,4.08928435,17571410.5,20945797.0,33.179541,-0.00035156300000000005,0.6894531,6.879375,0.6679688,6.946113,88.92409,33.1714305,0.26625,0.338789,86.06048,0.17,12265800.0
-0.065713093,50.00653205,0.302439479,4499.3277689999995,0.240780016,291.2040923,47.52836949,290.58309489999994,17.893294100000002,55.01790769,4.210777513,16003325.38,18967792.56,32.26256051,-0.00035156300000000005,0.6894531,6.879375,0.6679688,6.946113,86.48696641,32.25248564,0.26625,0.338789,86.06048,0.17,12265800.0
-0.232358383,49.966519500000004,0.30421411,4505.276325,0.712616033,287.19397999999995,55.9807985,286.578235,18.45963925,54.99806625,4.239249975,15811455.25,18712902.25,32.05869275,-0.00035156300000000005,0.6894531,6.879375,0.6679688,6.946113,85.92780725,32.05085825,0.26625,0.338789,86.06048,0.17,12265800.0
-0.189663958,50.057712,0.298766538,4550.226825,0.806264605,284.2651075,57.1084535,283.324085,18.2942445,54.997018999999995,4.2348977,15671913.25,18521890.75,32.091496,-0.00035156300000000005,0.6894531,6.879375,0.6679688,6.946113,86.01572875,32.08365325,0.26625,0.338789,86.06048,0.17,12265800.0
-0.22589809,44.967012,0.303900398,4544.685475,0.9967317179999999,293.9232375,68.73513625,292.7716175,18.300763500000002,54.99027425,4.335603425,14840874.75,17356942.0,31.319029999999998,-0.00035156300000000005,0.6894531,6.879375,0.6679688,6.946113,83.944852,31.3113765,0.26625,0.338789,86.06048,0.17,12265800.0
-0.266204953,50.0032315,0.298217308,4621.404975,0.74741336,269.80006000000003,77.42338675,268.8036625,14.6009675,54.9974275,4.446141425,11571163.0,13262849.0,30.53247,-0.00035156300000000005,0.6894531,6.879375,0.6679688,6.946113,81.83702975,30.52500825,0.26625,0.338789,86.06048,0.17,12265800.0
-0.16973829999999998,49.99416725,0.29466635,4418.415,0.414846755,293.39743500000003,51.0884835,291.8641375,9.89002855,55.01653100000001,5.36308995,9268889.35,10874423.25,24.39500975,-0.00035156300000000005,0.6894531,6.879375,0.6679688,6.946113,65.38228325,24.395066,0.26625,0.338789,86.06048,0.17,12265800.0
-0.091559308,555.900695,0.24250697,1085.15878,-0.505323893,307.0276225,45.699811499999996,304.979225,2.032304795,55.01550125,5.650757275,2731029.7,3671017.625,23.136338000000002,110.9007425,290.71108,139.31630249999998,388.0668425,348.85967,62.00910325,23.13389925,168.76419750000002,377.716,47.28922445,1.213692145,5982127.9
-0.168191183,554.3471400000001,0.242952915,1073.668163,-0.268964098,277.02533,44.726423,275.11264750000004,1.44125659,55.03543925,5.667659225,2579016.375,3486488.5,23.09044775,108.41262749999999,265.0814075,134.151815,357.9948725,345.3941825,61.87227575,23.084805499999998,161.669905,365.1118275,43.09443995,1.286334618,5794712.575
-0.164107778,550.81082,0.235241775,1120.727753,-0.360573308,296.7788475,43.3498205,295.4525075,1.699817949,55.0272365,5.7380819,2474899.125,3364253.35,22.7595135,112.71785249999999,275.969935,138.96096,367.9623575,349.19426749999997,61.002571499999995,22.75411775,166.33258999999998,371.7518875,58.1902946,1.2199364,5669769.175
-0.122743134,546.9170275,0.23367711,1014.622635,-0.458038995,306.312125,42.0312,304.865995,0.717236685,45.96281275,5.62877295,920476.915,1324105.5,24.08873375,118.62013999999999,285.1242775,140.54055,376.8689275,352.4513625,64.56311175,24.08438525,164.115065,365.6672075,45.87586165,1.132355274,3608202.225
-0.114599831,546.9419125,0.25359313,1025.6246429999999,-0.6473009479999999,307.4804625,53.90091675,306.25746000000004,0.48830025899999996,45.986127,5.44867535,834236.575,1202268.775,24.008674,118.4786375,276.4587025,139.66099499999999,368.68726499999997,356.4442175,64.34756775,23.99978075,163.13474250000002,368.1157675,49.17758963,1.152185063,3483258.8
-0.07325762799999999,556.2210025,0.23211718,1034.989778,-0.17150130800000002,299.14834249999996,55.9316385,298.29211000000004,0.554712013,46.0197615,5.575779275,748045.6175,1077252.7,24.321275,120.128155,280.8220525,141.1610825,381.810445,356.0132725,65.19305325,24.325651500000003,164.78384499999999,368.0146375,46.3161281,1.027293376,3358315.375
-0.146785861,553.8986825000001,0.242605008,1045.606853,0.049234825,285.2480275,43.23117325,283.9835625,0.904633995,45.9956015,5.409697275,502582.0525,771023.68,24.36220825,117.8151125,266.535725,137.7175,359.312115,356.06195,65.296564,24.350858499999998,160.2697375,364.6892175,47.15112888,1.072007294,3045956.7
-0.13304912800000002,556.74145,0.257506838,1015.9671099999999,-0.400885755,308.95682,46.30748125,307.0661925,1.6235184999999999,46.01665325,5.387674700000001,435921.285,677304.2175,24.252128,118.98528,268.0249825,138.9732375,361.219285,358.43035499999996,65.00699449999999,24.2481425,161.52166499999998,368.31280499999997,46.1720265,1.131706576,2952249.05
-0.125087764,562.6148025,0.22772467300000002,950.28619,-0.44548078799999996,303.22688,45.13555925,300.7276575,1.427526953,45.98395825,5.76328705,179724.9075,343776.705,24.36054275,116.46781999999999,276.31841000000003,136.6,370.2712275,354.12752,65.2942415,24.3545895,159.4118425,363.9623475,39.63546723,1.105122168,2608654.575
-0.12372751300000001,550.807405,0.25202021,1155.043748,-0.143123156,294.4425325,47.93226375,295.25572,1.709445025,45.99667775,5.423314325,108322.1125,231620.1225,24.467824,109.169315,274.8113875,129.24169750000001,364.23832749999997,356.475595,65.58179125,24.46184525,151.8334125,363.3928225,45.52283355,1.07563324,2483711.175
-0.108367086,557.47275,0.270473528,974.3548800000001,-0.069230784,280.5059625,48.60607475,280.22552,2.53132355,46.00179275,5.329896325,0.0,0.0,24.53870525,109.8602175,266.26169,129.9633275,357.01831,355.73573250000004,65.76662775,24.53270825,151.2924425,362.26507250000003,39.88958305,0.9995637009999999,2171352.625
-0.28680102,650.3254525,0.26380987,2027.41901,0.56356449,280.196885,39.7793065,286.3715225,1.190869478,49.87701075,4.727231025,17260328.0,21177925.25,26.603465500000002,113.80779,230.47133,136.72743,331.4303075,358.4779775,71.304424,26.597752500000002,162.1491925,375.3739125,42.83638543,0.986596887,257.5252125
-0.183088795,636.2307625,0.251452213,1924.4375530000002,0.271375165,294.17508,39.346745,299.1934675,1.427657975,49.99131375,4.66207495,17064649.5,20859358.75,28.46446325,117.1586625,242.4571225,140.533245,345.44085,356.1575275,76.29735,28.46672225,166.27886999999998,375.109515,38.00783552,0.912818928,266.82114
-0.282510163,643.1431325,0.25759644,1912.2767629999998,0.531390493,289.4635275,46.59892825,296.823225,1.361272975,50.0131645,4.556009125,16984297.75,20733282.5,28.468138,116.246365,226.84177749999998,139.3094375,337.506575,357.49535499999996,76.29977225,28.464076000000002,164.66795,375.109565,39.97976238,0.9729785259999999,270.53950249999997
-0.265415265,637.171285,0.243826798,1985.1544649999998,0.540251983,283.78128250000003,48.126028999999996,289.98954,3.58404045,49.9658455,4.4894720999999995,16494466.0,20105326.75,29.527255,115.38425249999999,234.91765499999997,138.5704175,336.17276499999997,359.70929,79.142112,29.5179745,163.7308725,376.5031975,40.9379435,0.9312165790000001,289.13138250000003
-0.3039055,629.50263,0.232352095,2143.01225,0.506372475,290.15795499999996,45.858434499999994,297.5294475,6.84037475,49.81245475,4.686275475,15981769.5,19413720.25,29.146767999999998,118.3120325,248.566565,141.1489725,349.24310249999996,359.1391125,78.1157995,29.14105625,165.55721,374.823465,37.84364018,0.915085907,309.582445
-0.18344506,676.361805,0.26840512,2574.2193,0.53265125,272.1993175,47.9396625,278.46035,13.971982,50.0308755,4.357321725,15565640.75,18783776.75,28.82837375,115.07797250000002,227.96305499999997,135.99264499999998,336.72598250000004,359.367295,77.280149,28.8199385,158.78624,371.9363325,34.35867675,0.986772222,328.174285
-0.30390963,677.76907,0.26663048300000003,2059.14355,0.357552435,266.7452725,49.912714,271.1975675,14.55811275,50.075261499999996,4.3867009,15477107.25,18658234.0,28.6347145,96.622312,241.19304,119.81988500000001,341.4051225,360.3389425,76.77304525,28.647164500000002,143.6720425,371.22547000000003,42.9666797,0.870507205,331.8926525
-0.300794855,670.4378849999999,0.274821878,1544.06795,0.371274405,280.12082999999996,52.8853885,286.91191499999996,14.864723000000001,49.9888285,4.328199475,15378956.5,18543220.5,28.83495425,113.9841675,223.6029325,133.8748075,322.0955725,360.855545,77.28709975,28.826691999999998,156.18596000000002,371.72207000000003,41.09313799,0.747560528,335.61102999999997
-0.30445377,673.05172,0.26653545300000003,6047.9301,0.52164841,280.674595,45.039836,287.61618,14.808686499999999,50.0471295,4.26648885,15234688.25,18361517.75,29.527483,117.04078249999999,226.71376,138.02679750000001,323.820485,362.190675,79.1432525,29.52927525,160.2866975,375.0291825,36.68975770000001,0.933197029,341.1885875
-0.30432625,682.7681299999999,0.268531668,1779.0338629999999,0.33894916799999997,288.27306749999997,33.0207165,293.7709375,14.799713,50.015659,4.280305125,15123808.0,18255639.75,29.33838175,117.0696,230.049585,137.7362925,327.8098125,363.5380875,78.64402225,29.32317875,160.3034825,375.5644975,54.82229603,0.889431175,344.9069675
-0.304429753,689.6456175,0.27054933,1810.1397579999998,0.325443653,274.966415,39.79143475,281.7491675,14.99189,50.0050265,4.136157975,15033653.25,18137069.5,30.147134499999996,116.680945,220.5426125,136.47982,322.5707875,361.9884775,80.8072105,30.13695425,158.718735,372.1219625,40.82295153,0.861918051,348.6253375
-0.30443917800000003,718.82037,0.253118658,2225.854,0.354048853,281.1660475,36.69836075,287.2505125,14.992122,50.00295725,4.4270346,14902943.75,17963158.5,29.53841325,116.513525,231.60820750000002,137.10355,332.0135225,360.297145,79.165537,29.525072499999997,159.7977525,372.2645925,36.70639125,1.007144531,354.2028975
-0.284090603,632.626025,0.25126348800000003,1955.88457,0.616038555,276.61629,45.15080425,283.36460750000003,14.90134225,50.0406915,4.46066625,14574512.0,17592268.25,29.27965125,118.78256999999999,232.7371625,138.85734250000002,331.4872875,362.20236,78.469663,29.2783075,160.761395,372.811855,27.4023212,1.2738986079999999,367.21719
-0.264149543,619.6558025,0.25356972,1949.3701829999998,0.652559643,277.055095,35.9458775,281.82536749999997,14.600344,49.9839755,4.373642075,14474157.5,17487612.5,29.887311999999998,118.6552775,233.00725,138.684475,331.070585,361.386685,80.1137805,29.87854625,160.16083500000002,372.234165,35.68736823,1.5002390980000002,370.935565
-0.276955005,622.31118,0.275681645,1638.58375,0.49515659799999995,291.7033,37.744516,299.746145,14.775969,49.99446875,4.20446935,14376877.0,17387441.75,31.06232225,118.88641499999999,236.3564275,138.910515,333.58049750000004,362.66685,83.26299475,31.05470125,160.3571325,374.7649025,36.61279426,0.951406437,374.6539475
-0.26984623,636.6344799999999,0.250517113,1857.770753,0.456216082,267.847985,41.96713375,274.67068,14.690449,49.93393925,4.125586425,14092011.75,17131376.25,31.662335499999998,118.7677375,230.656595,137.8797675,333.573405,364.0094775,84.85712275,31.66057575,158.94383249999998,372.0421475,38.11317513,0.902845488,383.949885
-0.287636475,620.089545,0.253081278,1880.777018,0.416450194,273.1249975,38.924246000000004,280.6033625,14.818961499999999,50.00026725,4.0240904,13818492.25,16880224.5,32.185671500000005,118.85385749999999,227.99724750000001,137.69079,332.19277,362.897145,86.26325600000001,32.197959000000004,158.5849025,370.368145,29.22123939,0.8971859659999999,393.2458325
-0.22686468,644.0374525000001,0.240540938,1967.604633,0.468674145,280.9042875,38.2732625,286.448275,14.45468925,49.96836025,4.1356492,13715573.5,16778246.5,32.29163,119.8998925,242.3331625,138.62807,344.4280775,361.5979075,86.54828825,32.280573499999996,159.773705,369.4965625,42.21802595,0.829089768,396.96421499999997
-0.289074135,646.7275400000001,0.25220486,1899.68271,0.39464858,288.770635,36.3292555,296.394875,14.80737625,50.001576,4.00177325,13632420.5,16662815.75,32.17905925,119.80431499999999,238.08125249999998,138.3820525,338.104125,363.3648225,86.2578015,32.170790999999994,159.70012749999998,371.21618,37.582186,0.735781715,400.68258
-0.304448003,644.8276,0.250984718,1851.75253,0.581639868,286.2011575,47.8054745,292.92284,14.564442999999999,49.94876525,3.960014275,13510634.75,16487047.25,32.460190000000004,121.07815249999999,237.40893250000002,139.8516075,330.9789925,363.4108825,86.9936285,32.451271500000004,160.755535,371.7113825,34.8755178,0.9014631879999999,406.26014
-0.304440645,642.0818125,0.257901018,1772.3061,0.560255355,284.3063175,46.766628000000004,294.36441,14.756841,50.0149445,3.9105376000000005,13424105.75,16371520.75,32.41190325,120.21599499999999,233.3047375,138.71545,325.41272999999995,364.1878675,86.8675425,32.402072499999996,159.6025575,371.89022,34.02920308,0.863855741,409.9785025
-0.30444465,664.5647700000001,0.240823578,1675.6830699999998,0.48056659799999996,282.4496325,41.43611575,292.3952675,14.630785500000002,49.9567815,4.192111,13209273.75,16072547.25,31.90876625,120.9029075,244.1911875,138.99006,340.7408625,362.14946499999996,85.5307385,31.90026175,160.1131825,369.6707775,31.704389399999997,0.812175442,419.274435
-0.304436165,690.3992825,0.252001343,1683.6037,0.464215585,272.6938275,45.52875675,280.5853775,14.97921275,49.921822999999996,4.280605825,13036484.25,15831449.75,30.76408625,119.304515,242.68093,137.2860975,342.162715,362.190955,82.450939,30.75913225,157.60081,368.27275499999996,32.03561312,0.818304485,426.71118499999994
-0.27103625800000003,671.4104775000001,0.24908228300000002,649.6376025000001,0.258294648,268.9852,43.14092875,277.59990750000003,12.0435275,49.44724375,5.116704400000001,11505515.0,13922749.0,26.7203015,119.91995,246.00827999999998,136.5796025,347.8499625,361.7278875,71.61917075,26.77433175,156.22906,365.380375,45.17886375,0.14,484.346
-0.26878582300000003,669.77805,0.249305965,597.9643,0.24895825,269.0921475,43.32415275,277.890925,11.82882925,49.42319025,5.179690075,11406460.75,13799495.75,26.38565125,119.9516175,246.1765625,136.5729025,347.724485,361.93495,70.722199,26.43494625,156.1661375,365.48902000000004,45.282368,0.14,488.064365
-0.266535393,668.14565,0.24952965,546.29102,0.239621853,269.19908250000003,43.50737725,278.18194750000004,11.61413075,49.39913775,5.2426755,11307406.75,13676242.5,26.05100125,119.9832825,246.34484750000001,136.5662025,347.5990075,362.142015,69.82522675,26.0955615,156.1032125,365.59767,45.3858715,0.14,491.78273499999995
-0.26315973800000003,665.697005,0.24986518300000002,468.78108499999996,0.22561726,269.35950499999996,43.78221275,278.618485,11.2920835,49.36305825,5.337153875,11158826.0,13491362.5,25.54902625,120.0307825,246.5972625,136.55615749999998,347.41078999999996,362.4526075,68.47976875,25.58648275,156.0088275,365.7606375,45.5411275,0.14,497.360295
-0.260909305,664.06457,0.250088873,417.107795,0.21628087,269.46644249999997,43.965438,278.90950499999997,11.07738575,49.339005,5.400139299999999,11059771.25,13368109.0,25.214376,120.06245,246.7655475,136.5494575,347.28530750000004,362.6596775,67.58279475,25.24709725,155.945905,365.8692875,45.6446315,0.14,501.07867000000005
-0.258658873,662.43215,0.250312553,365.434515,0.20694447,269.57338500000003,44.14866225,279.200525,10.86268775,49.314952000000005,5.463125,10960717.25,13244855.75,24.87972575,120.09411499999999,246.933825,136.5427575,347.1598275,362.866735,66.68582325,24.90771275,155.8829825,365.9779325,45.748135999999995,0.14,504.79705
-0.25303280300000003,658.351105,0.250871775,236.25128999999998,0.18360348,269.840745,44.60672275,279.928085,10.32594225,49.25481975,5.620589,10713082.25,12936722.5,24.04310025,120.1732825,247.354525,136.52601,346.8461325,363.38439750000003,64.44339225,24.0592485,155.72568,366.2495525,46.00689575,0.14,514.0929925
-0.250782373,656.7186625,0.251095465,184.57800500000002,0.17426708800000001,269.94768500000004,44.7899475,280.21910499999996,10.11124375,49.23076625,5.6835747,10614028.25,12813468.75,23.70845025,120.20493,247.5228,136.51931000000002,346.72065499999997,363.59146,63.54641975,23.71986375,155.66275,366.3582075,46.11039925,0.14,517.8113400000001
-0.24740673,654.27005,0.251430988,107.06806999999999,0.160262498,270.108095,45.06478325,280.6556375,9.789196525,49.1946875,5.778053099999999,10465447.25,12628588.75,23.2064755,120.25243,247.775225,136.5092625,346.5324375,363.9020625,62.20096125,23.210785,155.5683675,366.5211825,46.2656545,0.14,523.3889224999999
-0.24515630300000002,652.63763,0.251654683,55.39478275,0.150926103,270.21504,45.248008,280.9466575,9.57449845,49.1706345,5.8410387,10366393.25,12505335.25,22.87182525,120.28409750000002,247.9435,136.5025625,346.40695750000003,364.1091225,61.303989,22.87139975,155.50544250000002,366.6298275,46.369158,0.14,527.10728
-0.242905873,651.0052,0.25187836,3.7214935,0.141589705,270.32198,45.43123125,281.237685,9.359800300000002,49.146581,5.904024125,10267339.25,12382082.25,22.53717475,120.31575,248.11177999999998,136.4958575,346.2814775,364.316195,60.40701775,22.532014999999998,155.4425175,366.7384775,46.47266275,0.14,530.8256575
-0.22016668,645.712965,0.234703083,2107.091993,0.119348093,273.2356575,45.2574045,282.70079,9.0377531,50.0481965,6.15656625,10086623.75,12185690.5,22.035866,120.43855500000001,244.3329775,136.5895475,344.4681375,363.9409475,59.06334775,22.03048125,155.47815500000002,366.131755,51.99474223,1.35332375,536.4032325000001
-0.19165169699999998,643.0902775000001,0.239174625,1991.927113,-0.19331674,263.95376,46.7084215,271.281115,8.07161115,49.95855375,6.171134599999999,9525680.2,11591831.25,22.47196,120.436885,243.268115,136.64973999999998,348.048945,363.88509500000004,60.23822975,22.478547,155.4796225,366.1701925,44.56817942,1.31925808,553.13589
-0.24603854,706.5712975,0.241467588,1978.4202899999998,0.20260592100000002,282.448105,46.933482500000004,291.33957000000004,6.783422025,50.008571999999994,5.556255925,8764582.875,10870482.25,23.894883,121.1038075,246.01193500000002,136.9466725,339.71884500000004,365.1710925,64.0275635,23.8894585,155.1022375,367.0190725,42.70593485,1.183566678,575.446125
-0.214578043,706.3692875,0.244711355,2064.516475,-0.512711505,282.5602875,44.56274725,288.80373,6.56872385,50.02372225,5.6435666,8630495.775,10758284.75,24.04895225,122.926115,247.2098975,138.33836000000002,342.1721725,363.418055,64.456294,24.04102125,156.55598999999998,365.622095,42.22319003,1.100449698,76.55899475
-0.169624687,708.0500275,0.240311548,1877.9147329999998,-0.318638658,260.8699475,43.771271,268.290715,6.35402565,49.97360225,5.66566185,8506656.7,10651318.75,23.9324995,121.2115025,258.60359,137.00555500000002,367.8082525,365.6658425,64.14332900000001,23.9326915,155.3741225,367.551655,41.7021115,1.092954209,257.55730750000004
-0.194996745,640.371805,0.247673303,1954.166455,-0.27841892,279.05525750000004,42.96371625,289.7474425,6.03197835,50.00570275,5.59205515,8335430.075,10461558.75,23.78103575,122.33330749999999,252.582075,137.723265,348.153915,364.655985,63.7260875,23.74727725,155.9392375,366.56994,44.0252612,1.171539026,251.50254249999998
-0.144555344,613.7901475,0.237492468,1971.295503,-0.289714607,283.8507325,42.04245925,295.83536499999997,5.602582175,50.122652,5.868012625,8117122.65,10202247.25,22.8741155,122.23736000000001,257.3265975,137.48422,354.826185,364.991155,61.3269895,22.86658625,155.8251425,366.06768250000005,46.83995573,1.16684936,243.42952000000002
-0.09880306300000001,615.6291225,0.23849935,2040.5520379999998,-0.391876018,281.077535,45.003792499999996,292.5086375,5.2805349,50.010418,5.949704775,7962948.675,9998354.625,22.95417025,122.0529775,260.32592,137.32541750000001,362.1366375,363.6533525,61.5497965,22.96528825,155.3414025,365.0190925,42.63847378,1.168257397,237.3747475
-0.132766494,614.6157475,0.240460588,2137.876525,-0.322161152,279.8008325,44.96808225,290.5473525,5.06583665,50.075214,5.777418975,7852996.225,9864892.45,23.18570525,121.5919875,253.569755,136.7445375,351.3479425,363.8935625,62.14167425,23.1829335,154.6792925,364.78167,48.2338557,1.258681656,233.33822999999998
-0.133077309,613.8687474999999,0.23634175300000002,2033.58019,-0.607351835,285.4052175,42.87874075,294.979085,4.851138525,49.962377000000004,5.96268235,7746926.95,9731510.425,23.107688500000002,123.2746825,263.4229,138.2282,361.2309175,363.3299925,61.9539895,23.0958055,156.12464,364.52060750000004,47.89967948,1.1620842740000001,229.3017125
-0.21723612,614.6673,0.248694888,1926.98753,-0.43815821,285.763895,43.72492575,298.759465,4.529091075,50.06316225,5.8998919999999995,7596722.075,9532695.8,22.957253,122.15611750000001,255.33793500000002,137.43485249999998,350.0109525,362.87011,61.5430915,22.95198425,155.14204750000002,364.944765,45.56206578,1.171407367,223.24695
-0.204564983,612.9320575,0.256923203,2109.750008,-0.625881355,285.660105,43.34166875,297.5115275,4.314392975,50.02370275,5.710463075,7497054.125,9398916.375,23.23442725,122.0943225,257.21128250000004,137.287835,353.406575,364.43298,62.27619075,23.22756775,155.0910625,367.0332775,47.35498918,1.209102943,219.21043999999998
-0.17793920300000002,671.0154425,0.271033803,1911.962525,-0.54272586,318.02808250000004,34.822277,320.36373,3.77764755,50.000164500000004,5.62127145,7249981.275,9057262.275,23.457420499999998,121.1523425,247.8172425,136.51523999999998,340.84393,362.084095,62.84458675,23.42899225,153.994335,366.4638,40.27468853,1.24841796,209.119155
-0.27917566,609.6280975,0.27377561300000003,1997.2892530000001,-0.566965288,278.588995,35.50159625,287.6669925,3.56294945,49.9409175,6.068724425,7165380.75,8924884.05,21.56245975,120.82376000000001,247.12145,136.086535,336.871715,361.963825,57.76547025,21.55165875,153.3899175,365.58187250000003,50.22863708,1.238126551,205.08264499999999
-0.087565967,595.7209174999999,0.262609528,1893.251925,-0.64791462,289.48413,39.35378275,299.589135,3.34825125,50.21647875,6.1666222,7074648.025,8788961.125,21.8212105,121.67919750000001,259.2324325,137.07469,355.9813675,363.7460825,58.46318025,21.810875,154.54608249999998,366.86276749999996,50.76332818,1.207374111,201.04613
-0.280105338,586.3922275,0.270555033,2214.6554899999996,-0.64811855,286.08745,38.40965625,296.06595,3.026203975,50.07400725,5.9922917,6931118.525,8585310.55,22.011921,119.7095375,250.124075,134.98285249999998,336.0492575,361.8473525,58.9851145,22.0068015,152.1993775,364.246035,48.4642141,1.3295946779999999,194.9913575
-0.175096915,573.51907,0.262730795,2188.8856530000003,-0.64296474,290.849345,37.688907,301.181155,2.59680755,49.94140825,5.9632447,6747361.7,8323390.075,22.25457225,120.980355,257.992615,136.0931575,350.903875,366.0231475,59.64348475,22.251853,153.3648375,367.9523375,50.51509903,1.168802108,186.918335
-0.233293935,600.2060925,0.254267808,2414.796425,-0.646839363,291.373615,41.903106,299.2876475,1.204299269,50.07334925,5.8977571,6276167.775,7648959.3,22.6829625,120.5367825,259.7994825,135.25954,345.87575,364.2593575,60.78389425,22.6753345,152.37937250000002,364.6358175,57.5105321,1.258447152,166.7357725
-0.16533122,573.6567425,0.252264598,2390.14748,-0.6330464929999999,285.32890499999996,39.08437925,294.71371,1.561956875,50.00483125,5.846632675,6187695.625,7516913.175,23.20132625,122.27998249999999,256.18147,136.58651,348.5780475,361.96004750000003,62.17873125,23.185695499999998,153.70929750000002,362.32026,40.51423713,1.119362483,162.699265
-0.12721146,569.1495575,0.247818708,2498.664375,-0.64642224,298.19064249999997,43.663567,309.607485,3.145341775,50.04571,6.0423545999999995,6103092.525,7381751.65,22.96063725,122.88642,261.375085,137.55638249999998,353.96044,362.65384500000005,61.53340925,22.94562425,154.49267,362.9584125,40.72425125,1.3186607909999999,158.66275249999998
-0.293001683,571.579925,0.262865998,2553.712825,-0.64690421,281.0096125,37.71525925,293.288445,1.350476235,49.90220875,5.785257175,5967568.15,7181337.8,23.102021,123.83864750000001,244.7956225,137.83847749999998,335.60064,364.610325,61.92369125,23.09907425,154.88376499999998,365.234595,43.66251935,1.2775728259999999,152.6079825
-0.169570578,572.86356,0.250527293,2653.4997780000003,-0.64737691,290.1648225,42.1037785,299.28474750000004,2.007489709,50.02647775,6.241137999999999,5859339.725,7049882.85,22.86927125,123.5756775,262.789905,137.7160025,357.25489500000003,361.849405,61.311893000000005,22.86162825,154.403235,362.51017,57.6060243,1.313493697,148.57147
-0.080988175,571.519055,0.247802033,2527.637155,-0.6475809,295.11674750000003,41.841038,296.8213875,0.78915909,49.980357,6.092722675,5608772.25,6716106.55,22.43021125,124.17692,258.04176,138.0226875,357.1080275,362.4111075,60.1222395,22.41891825,154.3401275,361.6821525,39.94600758,1.203518869,138.480185
-0.288043045,574.7203275,0.277089555,2666.040775,-0.648405853,284.66040499999997,39.05533525,292.3472375,0.7680168890000001,50.341491,5.79858215,5515069.25,6579126.875,22.133001999999998,123.12038500000001,243.62703,136.81273000000002,329.041295,363.671265,59.328153500000006,22.11966525,153.43330500000002,365.0971375,51.77105795,1.439578326,134.443675
-0.16952039800000002,597.1793575,0.23132903,2576.866475,-0.645930893,295.38079500000003,42.49348925,304.03017,1.623130225,49.98656325,6.234818475,5421143.825,6445574.6,22.4065455,125.25314499999999,265.22936749999997,138.82670249999998,354.5327175,360.272405,60.058139000000004,22.393286,154.977825,358.4001225,49.89972492,1.331141653,130.40716
-0.167922438,597.5273950000001,0.263657068,1495.273275,-0.644976225,290.8020125,44.0975075,306.19575249999997,2.133265275,50.980171999999996,6.10840525,5298983.325,6248344.6,21.70673825,125.5134675,259.44960249999997,138.993135,348.69630750000005,363.6584875,58.18117625,21.70542075,155.368085,363.2699925,70.40508775,0.30023562,124.35238999999999
-0.154693723,594.509445,0.268528105,1633.700625,-0.64606122,292.73731000000004,44.023340999999995,305.2403025,2.473355325,50.87121575,5.97998065,5224121.15,6116546.975,21.9906285,122.717745,258.0053525,136.358875,347.0447525,362.892335,58.942094,21.99652925,152.58593249999998,362.1131975,76.335962,0.63290752,120.31587749999998
-0.12162193,586.9645724999999,0.280705663,1979.769075,-0.64877371,297.57555,43.837925,302.8516725,3.32358035,50.5988245,5.658918975,5036966.0,5787052.9,22.700353500000002,115.7284375,254.39472,129.7732275,342.9158575,360.97699500000004,60.84438875,22.72430175,145.6305275,359.221205,91.16314799999999,1.464587275,110.22459750000002
-0.10839321,583.946625,0.28557667800000003,2118.19645,-0.649858705,299.51084249999997,43.76375875,301.896225,3.6636704,50.48986825,5.53049395,4962103.95,5655255.25,22.984244,112.93271499999999,252.95047250000002,127.1389625,341.2643025,360.210845,61.6053085,23.0154105,142.848365,358.06440499999997,97.09402275,1.7972592,106.18808500000002
-0.136725004,602.5669925,0.2874521,1898.4533199999998,-0.622711125,306.12102999999996,43.2296995,315.173615,10.268537199999999,50.06976775,5.15964165,4472292.075,4867454.625,24.41088025,106.17020249999999,236.29449,121.36729,326.13847250000003,359.19662,65.39983725,24.4153855,137.4171075,356.28494,47.45177083,1.1597587759999999,81.969015
-0.075573923,613.63647,0.246178935,2554.64675,-0.512377913,310.1694025,45.96425625,320.3224375,9.36589905,50.0042105,5.876634125,4367671.8,4746444.3,23.59905475,125.0337575,250.84905750000001,138.61622250000002,347.8217975,361.0102575,63.26346975,23.5965035,155.001915,359.1920375,45.1943749,0.966874035,77.932501
-0.265668313,621.5339349999999,0.257295433,2376.97404,-0.591139775,306.468995,44.94651375,317.9595275,8.75718195,50.0760485,5.688801225,4268394.8,4618146.15,24.064501999999997,124.2934125,245.00817,138.156725,331.9776,363.2336475,64.482419,24.0633525,154.239855,361.79409,51.40173215,1.346357761,73.89598675
-0.20214367,619.95296,0.259133575,2328.2468350000004,-0.546313075,302.6678925,44.65159025,317.56091000000004,7.6547017,49.8775675,5.55855575,4123995.225,4422826.7,24.76910175,125.0696775,265.94286,139.162725,359.3704025,366.734735,66.3871995,24.762156,155.6659375,366.779935,35.03967768,1.275496245,67.8412165
-0.149679063,658.135265,0.253972668,2229.428375,-0.539639165,315.85699500000004,44.60868475,330.17392,4.953104025,49.97155225,6.099337575,4031313.9,4298139.35,22.390300500000002,124.79803999999999,268.805765,138.48583,362.731495,362.315955,60.018799,22.3904845,154.53708500000002,361.067305,36.35028870000001,1.217037678,63.8047035
-0.060042230999999995,621.0236275000001,0.249803413,2311.284798,-0.528534313,310.4510175,43.88746075,326.4677925,3.15649582,49.94052675,5.99260505,3947766.95,4169385.15,22.31868875,123.9438425,257.9800725,137.5650925,361.1771375,364.18171,59.83155975,22.301830499999998,153.62053500000002,361.9500075,44.22852144,1.083497955,59.76819025
-0.099124823,619.54678,0.25512164800000003,2229.90505,-0.356504085,304.4856575,41.4140175,312.41343,1.8166667459999999,49.70101775,5.618136325,3789895.65,3987325.1,23.2763105,123.3363325,256.4447075,141.43631499999998,358.245695,366.831475,62.390984499999995,23.262953500000002,152.6660025,364.792955,38.973887100000006,1.108545095,53.713421
-0.23347499300000002,620.8974049999999,0.251697515,2410.91635,-0.253475088,308.247105,42.6066455,319.037265,3.33879333,49.994922499999994,5.714072975,3675311.325,3877716.6,23.568652,122.8251375,246.3746775,136.2608575,336.811715,360.42854750000004,63.181507499999995,23.56533125,151.834435,357.8120225,42.449641899999996,1.109026945,49.67690825
-0.213143948,646.7658725,0.258422958,2601.183275,-0.22158833600000002,315.70056,40.40162575,325.20097250000003,2.6660626769999998,49.87290025,5.3994925,3558968.525,3760403.975,24.4092185,123.10972749999999,250.63901,136.59582749999998,345.39536499999997,364.54829,65.41764325,24.405984,152.47151499999998,362.156165,41.382420399999994,1.1373107679999999,45.64039525
-0.086743499,589.0212525000001,0.250815065,2311.702918,-0.5289144179999999,312.924305,47.06549125,323.82552250000003,2.890753065,49.9148275,5.615580925,3403010.25,3587758.725,23.970178,124.8271725,248.171275,138.15843999999998,353.2640525,364.72769,64.25586775,23.95122525,154.0652575,362.4254625,43.77918103,1.211590911,39.585626
-0.197345345,636.1127650000001,0.265055713,2378.8773,-0.279892829,300.0259425,41.63559325,308.5852425,3.237635613,49.99971025,5.204484225,3296502.15,3471070.3,24.67773825,122.482805,237.51661000000001,135.598365,334.5945775,365.8026975,66.1584495,24.674995499999998,151.578205,363.7233575,41.84470673,1.052031427,35.54911275
-0.265391023,570.2141075000001,0.263539328,2422.379533,-0.25067564800000003,294.26664750000003,44.910154999999996,304.925125,3.0526873230000002,49.97244275,5.089154925,3183512.85,3357317.45,25.299007500000002,124.35859750000002,236.69063250000002,137.88795,333.9131625,370.17987,67.80454475,25.28117225,153.8998575,368.1378075,39.97649085,1.079755752,31.512601
-0.233947133,594.0889375,0.25695183,2475.310453,-0.49121589299999996,311.25153,46.06912275,321.1370275,1.335870651,49.99363375,5.7580405,3004908.45,3184897.4,22.53213225,123.596425,262.1187025,136.5234675,355.58592749999997,364.5407775,60.39077525,22.5568345,152.15931750000001,361.601225,34.9587026,1.106794344,25.4578315
-0.19242356,691.650255,0.27508725,2313.8987230000002,-0.647052575,326.31792,47.44896975,332.16315249999997,2.274680375,50.01457325,5.970547225,2929399.725,3070111.25,21.5632375,124.04390249999999,256.13154,137.09869750000001,350.90173,363.45749,57.8164945,21.567432500000002,152.52899250000002,361.4843025,38.24536773,1.199324126,21.42131975
-0.138558493,694.58595,0.25554543,2304.180125,-0.378231525,299.43910750000003,44.97321125,312.6922125,3.806262025,50.3609455,6.189161625,2835041.5,2952039.125,21.70911675,123.9698125,255.08033500000002,137.02999,357.4405,366.564015,58.19422900000001,21.6950735,152.7938375,364.78963,41.43347517,1.27157534,17.38480825
-0.154227513,778.4512075,0.2501502,2232.573523,-0.16073786199999998,288.2792475,47.183813,294.8502575,3.40931495,49.958075,5.8180174000000004,2560704.1,2672689.475,22.411848499999998,125.50110500000001,246.75324750000001,137.94457250000002,352.9364175,367.10163,60.07964449999999,22.415456,153.5107275,364.053085,37.7623917,1.101118663,7.2935261
-0.18600844800000002,699.60046,0.26506783300000003,2392.169503,-0.28082896,295.08701,50.61088625,301.116865,2.336511064,50.087823,5.50875195,2326424.7,2387435.45,23.0436345,123.71883500000001,247.8349375,135.80791499999998,347.4242675,364.946975,61.76299325,23.036572,151.08497250000002,361.68816499999997,45.321063200000005,1.088825293,-30859.5275
-0.187498465,644.6241150000001,0.256338403,2507.77195,-0.168576858,295.9340525,53.7440365,309.6117125,1.168759689,49.946846,5.608313125,2241460.8,2271750.0,22.617029000000002,123.768175,245.98666749999998,136.3352775,343.39758,366.806875,60.622,22.6115335,151.45172,363.56054,45.71123694,1.211326574,-44155.95375
-0.07977068,610.8467099999999,0.261936248,2261.957848,-0.191344942,291.9770475,50.16198075,303.3456375,1.775400625,50.027934,5.507943475,2149491.8,2154163.85,23.02796525,123.46185249999999,243.807055,135.7044725,349.6010025,366.3398025,61.70136625,23.00724275,150.9230675,362.7134825,59.12572806,0.724390396,-57452.38025
-0.161864357,706.5123725,0.263048775,2324.88,-0.160758451,304.1482325,48.55220575,338.116795,2.329685275,49.92803375,5.903931825,2022530.475,1980771.75,21.45766625,122.15748,254.2071725,134.413545,354.1189425,364.8057575,57.5187405,21.45657725,149.2956475,360.9710625,55.87848278,1.214515423,-77397.02025
-0.17010349600000002,628.5386225,0.249421628,2384.52915,-0.126519086,287.2097925,50.4256165,294.28779249999997,0.18711250899999998,49.98345475,6.330763275,1858943.75,1746316.5,20.7625,126.36766999999999,253.014285,137.77882749999998,353.9560475,363.5950775,55.641684999999995,20.77044725,152.904675,360.6715025,43.76776688,1.1549764059999998,-103989.8725
-0.185859248,627.2083375,0.243813665,2489.472725,-0.15052937800000002,280.0419775,47.657489500000004,287.6277675,0.0,49.9664505,6.24686295,1786583.75,1560556.5,21.09168475,124.90072749999999,245.819835,137.006665,344.659475,363.64628999999996,56.53916675,21.07018875,151.30309,360.5019,48.96480223,1.188002946,-123934.5
-0.10619999,629.32336,0.23518502300000002,2555.561278,-0.094022185,274.2486075,47.84558625,284.760735,0.0,50.0375135,6.311763625,1400663.75,569836.8,20.869344,123.12371999999999,246.7339875,135.752425,350.3740225,368.10794500000003,55.94833525,20.855660999999998,150.0885525,365.819385,46.48622226,1.242398587,-230305.9175
-0.15791915199999998,625.8769474999999,0.238882643,2730.23695,-0.385745933,287.47328250000004,49.5732215,297.01333999999997,0.0,50.14859375,6.1042234,1352423.75,445996.8,21.564538,124.2053125,261.9082375,136.81131000000002,359.3910375,367.2666075,57.791767500000006,21.5580515,150.824545,364.1244725,40.73893668,1.310136526,-243602.35
